{
  "timestamp": "2026-06-04T18:33:14.809045",
  "model": "baseline",
  "params": {
    "C": 1.0,
    "train_csv": "..\\data\\train.csv"
  },
  "metrics": {
    "angry": {
      "precision": 0.7608695652173914,
      "recall": 0.7,
      "f1-score": 0.7291666666666666,
      "support": 50.0
    },
    "happy": {
      "precision": 0.6,
      "recall": 0.66,
      "f1-score": 0.6285714285714286,
      "support": 50.0
    },
    "relaxed": {
      "precision": 0.6176470588235294,
      "recall": 0.42857142857142855,
      "f1-score": 0.5060240963855421,
      "support": 49.0
    },
    "sad": {
      "precision": 0.4444444444444444,
      "recall": 0.5714285714285714,
      "f1-score": 0.5,
      "support": 49.0
    },
    "accuracy": 0.5909090909090909,
    "macro avg": {
      "precision": 0.6057402671213412,
      "recall": 0.59,
      "f1-score": 0.5909405479059093,
      "support": 198.0
    },
    "weighted avg": {
      "precision": 0.606494757176769,
      "recall": 0.5909090909090909,
      "f1-score": 0.5918287145696783,
      "support": 198.0
    }
  }
}